<!--
/*
 * SomePlayer - An alternate music player for Maemo 5
 * Copyright (C) 2010 Nikolay (somebody) Tischenko <niktischenko@gmail.com>
 *
 * This program is free software; you can redistribute it and/or
 * modify it under the terms of the GNU General Public License
 * as published by the Free Software Foundation; either version 2
 * of the License, or (at your option) any later version.
 *
 * This program is distributed in the hope that it will be useful,
 * but WITHOUT ANY WARRANTY; without even the implied warranty of
 * MERCHANTABILITY or FITNESS FOR A PARTICULAR PURPOSE.  See the
 * GNU General Public License for more details.
 *
 * You should have received a copy of the GNU General Public License
 * along with this program; if not, write to the Free Software
 * Foundation, Inc., 51 Franklin Street, Fifth Floor, Boston, MA  02110-1301, USA.
 */
-->

<node>
	<interface name="ru.somebody.someplayer">
		<method name="prev">
			<annotation name="org.freedesktop.DBus.Method.NoReply" value="true" />
		</method>
		<method name="next">
			<annotation name="org.freedesktop.DBus.Method.NoReply" value="true" />
		</method>
		<method name="toggle">
			<annotation name="org.freedesktop.DBus.Method.NoReply" value="true" />
		</method>
		<method name="stop">
			<annotation name="org.freedesktop.DBus.Method.NoReply" value="true" />
		</method>
		<method name="artist">
			<arg type="s" direction="out"/>
		</method>
		<method name="album">
			<arg type="s" direction="out"/>
		</method>
		<method name="title">
			<arg type="s" direction="out"/>
		</method>
	</interface>
</node>

